{
  "baseline": {
    "infer_ms": {
      "mean": 929.9796752929688,
      "median": 940.02001953125,
      "p90": 1036.046044921875,
      "p95": 1130.7780029296875,
      "p99": 1407.0115966796886,
      "max": 2089.27001953125
    },
    "total_ms": {
      "mean": 929.9796752929688,
      "median": 940.02001953125,
      "p90": 1036.046044921875,
      "p95": 1130.7780029296875,
      "p99": 1407.0115966796886,
      "max": 2089.27001953125
    }
  },
  "ucognet": {
    "infer_ms": {
      "mean": 1057.214111328125,
      "median": 1002.1400146484375,
      "p90": 1208.5200439453124,
      "p95": 1319.8300048828125,
      "p99": 2161.6276269531263,
      "max": 2860.7099609375
    },
    "cognitive_ms": {
      "mean": 67.89849853515625,
      "median": 66.05999755859375,
      "p90": 91.71399993896485,
      "p95": 100.83400115966795,
      "p99": 130.98919616699226,
      "max": 186.02000427246094
    },
    "total_ms": {
      "mean": 1125.112548828125,
      "median": 1072.159912109375,
      "p90": 1290.8179443359375,
      "p95": 1411.9980224609371,
      "p99": 2205.4564550781265,
      "max": 2868.889892578125
    }
  },
  "overhead_pct_mean": 6.4,
  "overhead_pct_p95": 7.6
}